NonLaborIncome,Wage,HoursWorked,Earnings,Tax,Consumption
43.708610696262625,2.9973709382033404,30,89.92112814610022,2.976338443830065,130.65340039853277
95.56428757689245,1.3041618875713872,30,39.12485662714162,0.0,134.68914420403408
75.87945476302646,3.350497418850147,10,33.50497418850147,0.0,109.38442895152792
63.8792635777333,3.803121435379569,20,76.06242870759138,0.0,139.94169228532468
24.041677639819287,3.698342500202428,20,73.96685000404857,0.0,98.00852764386785
24.039506830258237,4.925517765037025,40,197.020710601481,35.1062131804443,185.95400425129492
15.22752509513795,4.300181301722258,30,129.00543905166774,14.70163171550032,129.53133243130537
87.95585311974416,3.4992513428620167,20,69.98502685724033,0.0,157.9408799769845
64.1003510568888,2.6153785778889738,10,26.153785778889738,0.0,90.25413683577854
73.72653200164409,1.090320278499475,0,0.0,0.0,73.72653200164409
11.85260448662222,3.442816961786932,20,68.85633923573864,0.0,80.70894372236086
97.29188669457949,3.0472155156428142,10,30.472155156428144,0.0,127.76404185100763
84.91983767203796,3.1561987000421605,30,94.68596100126481,4.405788300379444,175.20001037292334
29.110519961044854,1.3468766014203148,40,53.87506405681259,0.0,82.98558401785745
26.364247048639054,1.499930693602112,40,59.997227744084476,0.0,86.36147479272353
26.506405886809045,4.851238675411031,40,194.04954701644124,34.21486410493237,186.3410887983179
37.381801866358394,2.65978333210144,20,53.195666642028804,0.0,90.5774685083872
57.228078846901404,3.954386161776715,20,79.0877232355343,0.0,136.3158020824357
48.87505167779042,2.7609507826421105,20,55.21901565284221,0.0,104.09406733063263
36.21062261782377,2.763134922743116,30,82.89404768229349,0.868214304688047,118.23645599542921
65.06676052501415,4.554228277909714,40,182.16913111638857,30.65073933491657,216.58515230648612
22.554447458683764,2.046590830863535,20,40.9318166172707,0.0,63.486264075954466
36.29301836816963,2.8658541183274058,10,28.658541183274057,0.0,64.9515595514437
42.97256589643225,2.108018888888424,0,0.0,0.0,42.97256589643225
51.046298579533236,2.1404735185600012,10,21.40473518560001,0.0,72.45103376513325
80.66583652537122,2.2932163048020535,20,45.86432609604107,0.0,126.53016262141229
27.970640394252378,3.071523137010767,20,61.43046274021535,0.0,89.40110313446772
56.28109945722505,2.0890057980498127,0,0.0,0.0,56.28109945722505
63.31731119758382,5.423090571399244,20,108.46181142798487,8.53854342839546,163.24057919717322
14.180537144799795,1.661907408148372,20,33.23814816296744,0.0,47.418685307767234
64.67903667112945,2.452776371251033,30,73.58329113753099,0.0,138.26232780866044
25.34717113185624,2.134319622592169,40,85.37278490368676,1.6118354711060292,109.10812056443697
15.854643368675156,6.0245201701402475,20,120.49040340280496,12.147121020841487,124.19792575063862
95.39969835279999,3.0286141149472066,20,60.57228229894413,0.0,155.9719806517441
96.90688297671034,4.794716088650917,20,95.89432177301833,4.7682965319054995,188.03290821782318
82.7557613304815,1.2007445165077133,0,0.0,0.0,82.7557613304815
37.415239225603365,3.1483472928939733,10,31.483472928939733,0.0,68.89871215454309
18.790490260574547,4.43397706031149,30,133.01931180934469,15.905793542803405,135.90400852711585
71.58097238609412,2.844127078903489,20,56.88254157806978,0.0,128.4635139641639
49.61372443656412,4.884242496803014,20,97.68484993606029,5.305454980818086,141.99311939180632
20.983441136030095,2.045191345184082,40,81.8076538073633,0.5422961422089884,102.2487988011844
54.56592191001432,5.901113678118493,20,118.02227356236986,11.406682068710959,161.18151340367322
13.094966900369656,9.62528959959281,30,288.7586879877843,62.62760639633529,239.2260484918187
91.83883618709038,2.2265176917915697,30,66.79553075374709,0.0,158.63436694083748
33.290198344001524,2.127555383299159,40,85.10221533196636,1.5306645995899089,116.86174907637798
69.62700559185838,6.045785770178985,20,120.9157154035797,12.274714621073908,178.26800637436415
38.053996848046985,6.480286226545587,40,259.2114490618235,53.763434718547046,243.50201119132345
56.80612190600297,2.0389337202694984,0,0.0,0.0,56.80612190600297
59.203925140895166,2.157385885554579,20,43.14771771109158,0.0,102.35164285198675
26.636900997297435,2.3280208013724617,20,46.560416027449236,0.0,73.19731702474667
97.26261649881027,1.297646473795066,10,12.976464737950659,0.0,110.23908123676094
79.76195410250031,1.6400741093344364,30,49.202223280033095,0.0,128.96417738253342
94.55490474077702,1.5647445413223284,0,0.0,0.0,94.55490474077702
90.5344615384884,1.7819554686332257,0,0.0,0.0,90.5344615384884
63.810998092997664,2.6669175022645963,20,53.338350045291925,0.0,117.14934813828958
92.96868115208052,3.0919999139493646,10,30.919999139493648,0.0,123.88868029157416
17.964325184672756,6.3774942603413125,40,255.0997704136525,52.52993112409575,220.5341644742295
27.638457617723066,1.5697325862030296,30,47.091977586090884,0.0,74.73043520381395
14.070456001948425,4.671019326966467,40,186.84077307865866,32.052231923597596,168.8589971570095
39.27972976869379,2.4164659840701934,20,48.32931968140387,0.0,87.60904945009766
44.98095607205338,2.6453277209384507,20,52.90655441876901,0.0,97.8875104908224
34.42141285965063,3.939881791457543,30,118.19645374372628,11.458936123117883,141.15893048025902
84.58637582367363,1.465949108218788,0,0.0,0.0,84.58637582367363
42.10779940242303,3.3545759211792614,30,100.63727763537784,6.191183290613353,136.55389374718754
35.28410587186427,2.978883942762364,30,89.36651828287091,2.8099554848612738,121.8406686698739
58.84264748424236,3.563874141686174,0,0.0,0.0,58.84264748424236
22.68318024772864,3.186881186756608,30,95.60643560269824,4.681930680809472,113.60768516961741
82.19772826786357,10.489922946436826,30,314.6976883931048,70.40930651793143,326.4861101430369
16.709557931179376,1.9140913298966746,30,57.42273989690024,0.0,74.13229782807961
98.81982429404655,2.0298292470232937,10,20.298292470232937,0.0,119.11811676427949
79.50202923669917,1.9295227845790173,10,19.295227845790173,0.0,98.79725708248935
27.884411338075516,2.0026826052894786,30,60.08047815868436,0.0,87.96488949675987
10.496990541124216,1.9144628361751683,40,76.57851344700673,0.0,87.07550398813095
83.39152856093507,5.22763560200313,20,104.5527120400626,7.36581361201878,180.5784269889789
73.61716094628554,5.937435679610751,20,118.74871359221501,11.624614077664503,180.74126046083603
75.61064512368885,1.9859344090933546,10,19.859344090933547,0.0,95.4699892146224
79.41433120173512,1.719793859977587,0,0.0,0.0,79.41433120173512
16.664018656068134,3.5228790104676095,20,70.45758020935219,0.0,87.12159886542032
42.261915568984534,2.006270098210156,10,20.062700982101557,0.0,62.324616551086095
20.428215357261674,3.850151506124452,40,154.00606024497807,22.20181807349342,152.23245752874632
87.67930832880342,3.039240538873389,0,0.0,0.0,87.67930832880342
66.0968314144802,1.1809754349078505,10,11.809754349078505,0.0,77.90658576355871
39.78082223673843,6.366996559889473,40,254.6798623955789,52.40395871867367,242.05672591364367
15.720251525742126,7.298966189161782,20,145.97932378323566,19.793797134970696,141.90577817400708
37.9884089544096,1.9405398745930034,20,38.810797491860065,0.0,76.79920644626966
39.266498982407235,2.1962780715839987,30,65.88834214751996,0.0,105.1548411299272
75.66455605042577,3.181096551596174,30,95.43289654788522,4.629868964365566,166.46758363394545
67.38017242196918,3.2672584360433845,20,65.34516872086769,0.0,132.72534114283687
89.84914683186939,3.9047718245457714,0,0.0,0.0,89.84914683186939
52.49934326457544,8.212131369768148,10,82.12131369768147,0.6363941093044417,133.98426285295247
20.763482134447152,2.4662012834699527,30,73.98603850409859,0.0,94.74952063854573
74.19203085006956,1.7523128001980506,0,0.0,0.0,74.19203085006956
78.47065437552077,1.2729975876885964,10,12.729975876885964,0.0,91.20063025240673
60.51494778125466,1.8184572522719744,10,18.184572522719744,0.0,78.69952030397441
79.38704619591049,2.6692036377806807,30,80.07610913342042,0.02283274002612501,159.44032258930477
54.44160367279517,7.293669826680371,30,218.81009480041112,41.64302844012334,231.60867003308292
57.045954644379464,2.0448282191075107,10,20.44828219107511,0.0,77.49423683545457
48.47869165226947,3.0743188772860703,20,61.48637754572141,0.0,109.96506919799089
12.287721406968567,2.6938392515849103,40,107.75357006339641,8.326071019018922,111.71522045134606
19.7102284293974,5.225843918946307,40,209.03375675785227,38.71012702735568,190.033858159894
12.828626711806082,10.911451501693618,40,436.4580600677447,106.93741802032342,342.34926875922736
67.27693701374024,2.0299723553236944,20,40.59944710647389,0.0,107.87638412021413
38.2920382968694,2.0767585871255023,0,0.0,0.0,38.2920382968694
55.77136220482325,4.827305682879093,30,144.8191704863728,19.44575114591184,181.14478154528422
91.68098265334837,3.955236192038445,10,39.55236192038445,0.0,131.2333445737328
32.43630062339874,7.505897381987049,20,150.11794763974098,21.03538429192229,161.51886397121743
46.93446307320668,3.747768146720615,20,74.9553629344123,0.0,121.88982600761898
77.99960246887439,2.2308648827216624,0,0.0,0.0,77.99960246887439
30.59183489424602,3.761659276049864,30,112.84977828149593,9.854933484448779,133.58667969129317
16.92819188459137,5.001745589069714,20,100.03491178139427,6.010473534418281,110.95263013156736
36.077630762239124,4.268511619685223,10,42.685116196852235,0.0,78.76274695909136
24.5099158528604,3.593047460170082,40,143.7218984068033,19.116569522040987,149.1152447376227
93.67278871083158,4.887451877728874,10,48.87451877728874,0.0,142.54730748812034
82.73083416079753,5.1712403605488815,30,155.13721081646645,22.541163244939934,215.32688173232407
67.00633808593811,5.81352700925885,20,116.270540185177,10.8811620555531,172.395716215562
88.43145311689459,3.8837082749586536,20,77.67416549917307,0.0,166.10561861606766
82.33048692092031,2.479569746535625,20,49.5913949307125,0.0,131.9218818516328
26.791305299743225,2.946719529035118,20,58.934390580702356,0.0,85.72569588044558
90.330309864098,5.278172559105657,30,158.34517677316973,23.50355303195092,225.1719336053168
58.540801772408564,1.7344413636678118,20,34.68882727335624,0.0,93.2296290457648
82.66961396476563,3.329327460829585,10,33.293274608295846,0.0,115.96288857306148
90.64821699311439,2.18947908153074,30,65.6843724459222,0.0,156.33258943903658
38.62031274746775,2.7615984278413896,30,82.84795283524168,0.8543858505725055,120.61387973213692
19.90467320749091,5.491209409522807,10,54.91209409522807,0.0,74.81676730271897
30.51416462877475,3.0195399562363265,30,90.58619868708979,3.175859606126937,117.9245037097376
48.43970097636307,2.7886011815498644,0,0.0,0.0,48.43970097636307
83.62132893302439,1.2866978399570663,0,0.0,0.0,83.62132893302439
87.46575249307091,4.097755813595306,20,81.95511627190612,0.5865348815718363,168.83433388340518
10.625691747807164,3.876824146908022,30,116.30472440724066,10.891417322172197,116.03899883287562
55.967257231980916,8.93333779079354,40,357.33351163174166,83.20005348952249,330.1007153742001
47.56699028339011,2.294975047205021,30,68.84925141615064,0.0,116.41624169954075
29.98970294236572,3.0664872253901327,40,122.65948901560532,12.797846704681595,139.85134525328942
20.78788306003145,3.1179041398274197,20,62.358082796548395,0.0,83.14596585657985
40.385365426326516,6.47273865341228,20,129.4547730682456,14.836431920473679,155.00370657409843
94.86187335212672,2.5794790428976815,20,51.58958085795363,0.0,146.45145421008036
39.088263881867974,3.1691450118930127,10,31.691450118930128,0.0,70.7797140007981
56.691155956902946,3.7975004741418505,30,113.92501422425552,10.177504267276655,160.4386659138818
73.27170630056601,3.012092493308755,40,120.4836997323502,12.14510991970506,181.61029611321115
42.726664214136456,2.1264661384910535,10,21.264661384910536,0.0,63.99132559904699
97.46038744488646,3.024511213442965,0,0.0,0.0,97.46038744488646
96.62025654479001,4.906188966012887,0,0.0,0.0,96.62025654479001
32.66040662428277,1.5456068019653273,30,46.36820405895982,0.0,79.02861068324259
54.75236553031469,2.9245286452663755,20,58.49057290532751,0.0,113.2429384356422
37.07904788350927,1.8495336972594296,10,18.495336972594295,0.0,55.57438485610356
35.63564449397209,5.245002119297241,30,157.35006357891723,23.205019073675167,169.78068899921414
13.319825261907951,1.1761509526889666,10,11.761509526889666,0.0,25.08133478879762
64.86079005819072,1.9988919139584589,20,39.97783827916918,0.0,104.83862833735989
55.24111209059753,3.3449994571242545,30,100.34998371372764,6.104995114118291,149.48610069020688
14.633087612499041,6.430409461479452,40,257.2163784591781,53.16491353775343,218.6845525339237
35.07818178129503,2.6217377372583597,20,52.4347547451672,0.0,87.51293652646223
91.74392973699884,2.0029883899146728,20,40.05976779829346,0.0,131.8036975352923
31.560570160027517,7.649470182054895,40,305.9788072821958,67.79364218465874,269.7457352575646
23.04053848821008,1.2257983607406824,10,12.257983607406825,0.0,35.2985220956169
54.05074842498067,0.8111167508193898,0,0.0,0.0,54.05074842498067
98.70854086995406,3.462559126209789,20,69.25118252419578,0.0,167.95972339414985
31.784974436035036,2.0623996357869525,0,0.0,0.0,31.784974436035036
70.49219926652907,1.5501038839338697,0,0.0,0.0,70.49219926652907
78.54576537958458,4.013228565839838,20,80.26457131679676,0.07937139503902842,158.7309653013423
31.38737895931597,3.1083448830274696,20,62.166897660549395,0.0,93.55427661986536
75.53947137506736,1.9932306270881224,10,19.932306270881224,0.0,95.47177764594859
43.10048194473279,1.3442450854623822,10,13.442450854623821,0.0,56.54293279935661
66.90752475342215,4.392293511122395,30,131.76880533367185,15.530641600101553,183.14568848699247
67.01767396848052,3.886895036897117,20,77.73790073794234,0.0,144.75557470642286
58.21972156672826,2.573979834712809,30,77.21939504138427,0.0,135.43911660811253
18.12607930489675,7.505607049519219,10,75.05607049519219,0.0,93.18214980008894
85.17722460303142,1.5090093539199616,0,0.0,0.0,85.17722460303142
38.870205847456226,1.1746393402270374,10,11.746393402270375,0.0,50.616599249726605
26.786665935986882,1.8579069558704664,10,18.579069558704663,0.0,45.36573549469155
13.669762739928753,2.650975514675382,10,26.50975514675382,0.0,40.179517886682575
63.18036488694176,3.107556410104162,30,93.22669230312486,3.968007690937459,152.43904949912914
70.98079256580542,2.3805228970126464,30,71.41568691037939,0.0,142.39647947618482
11.492904603507053,3.299036539386698,30,98.97109618160094,5.6913288544802825,104.77267193062772
56.088375246935286,1.365681152094819,10,13.65681152094819,0.0,69.74518676788348
30.384619767814417,6.013882413460717,30,180.4164724038215,30.12494172114645,180.67615045048947
68.06555113685049,2.5981946848796267,10,25.981946848796266,0.0,94.04749798564676
25.69297861044923,5.025438467605986,30,150.7631540281796,21.22894620845388,155.22718643017495
72.18439642922193,3.2821508042748877,10,32.821508042748874,0.0,105.00590447197081
44.806181167048365,3.494583752285698,30,104.83751256857094,7.451253770571283,142.19243996504804
94.30569898630611,3.7186920393296066,40,148.74768157318425,20.624304471955273,222.4290760875351
22.376884973139394,3.477242894262257,20,69.54485788524514,0.0,91.92174285838453
40.695971594523265,3.870940566406034,40,154.83762265624136,22.45128679687241,173.0823074538922
20.212616911653015,5.6464887487459,30,169.394662462377,26.8183987387131,162.7888806353169
93.22242564507064,3.0285581353318722,20,60.571162706637445,0.0,153.79358835170808
88.9605418042883,4.014657612488686,10,40.14657612488686,0.0,129.10711792917516
33.21474649436401,2.587378932544439,40,103.49515730177757,7.04854719053327,129.66135660560832
69.39856414307611,6.001830274716968,40,240.07321098867874,48.02196329660362,261.4498118351512
83.54999801810942,1.8738295675464238,10,18.738295675464236,0.0,102.28829369357365
59.96807304395161,7.31931861385054,20,146.3863722770108,19.915911683103236,186.43853363785917
57.66855205204058,2.6589016583970917,20,53.178033167941834,0.0,110.84658521998242
31.76670618104065,1.2374758422240772,20,24.749516844481544,0.0,56.516223025522194
18.379249102530927,2.916713381831041,30,87.50140145493123,2.250420436479368,103.63023012098279
90.74941821579941,1.8690337542866622,0,0.0,0.0,90.74941821579941
91.03762514469975,4.316107489367262,10,43.16107489367262,0.0,134.19870003837235
66.97913115459411,1.8984861613029296,0,0.0,0.0,66.97913115459411
40.51268119438306,2.1267587597993223,10,21.267587597993224,0.0,61.78026879237629
41.42886171513948,0.9615127995090228,20,19.230255990180456,0.0,60.65911770531994
75.33601109832155,2.1196087598512507,0,0.0,0.0,75.33601109832155
90.73992339573194,0.7166744188077989,0,0.0,0.0,90.73992339573194
89.83777818386056,1.1375234045761442,0,0.0,0.0,89.83777818386056
80.18879912718614,4.129796205661792,40,165.19184822647168,25.557554467941504,219.8230928857163
67.7828481538859,4.187860936626472,40,167.51443746505888,26.25433123951766,209.04295437942713
17.572596849554394,3.4349475593112797,40,137.3979023724512,17.21937071173536,137.75112851027023
24.54658426851524,1.5970578955669636,10,15.970578955669637,0.0,40.51716322418488
90.86987696743714,2.647878502080275,20,52.9575700416055,0.0,143.82744700904263
64.57861536936309,2.712901166731132,10,27.12901166731132,0.0,91.70762703667441
10.827734645496669,1.4374912704551852,20,28.749825409103703,0.0,39.57756005460037
19.13243885794289,6.214399293404855,10,62.143992934048555,0.0,81.27643179199144
69.71515921972502,4.404158727231366,0,0.0,0.0,69.71515921972502
10.455542546159682,2.407213138677855,20,48.1442627735571,0.0,58.599805319716786
24.47272462757488,2.758776298897864,20,55.17552597795728,0.0,79.64825060553216
59.38604104299275,3.0483807389324036,20,60.96761477864807,0.0,120.35365582164081
72.27056779234239,0.8843041825429268,0,0.0,0.0,72.27056779234239
68.67651335523405,2.372756690180232,10,23.72756690180232,0.0,92.40408025703637
30.18423785145038,1.86807532636695,40,74.723013054678,0.0,104.90725090612838
74.09612992127823,1.5669154331471982,10,15.669154331471981,0.0,89.76528425275022
31.352417874712007,2.3288971722865437,20,46.577943445730874,0.0,77.93036132044288
39.285972834334096,7.306231321807603,40,292.2492528723041,63.67477586169123,267.86044984494697
77.18422646062217,3.8669402981251144,10,38.669402981251146,0.0,115.85362944187332
68.46696091424931,1.9854618470587202,20,39.7092369411744,0.0,108.17619785542371
86.43010694447601,3.724454990105472,10,37.24454990105472,0.0,123.67465684553073
69.1851603070309,5.868772454748241,20,117.37544909496481,11.212634728489443,175.34797467350626
61.147774300192445,4.520165126561795,20,90.40330253123591,3.1209907593707724,148.43008607205758
18.43072910452832,2.80891054975744,40,112.3564219902976,9.70692659708928,121.08022449773665
43.09442227534902,1.9044338489611223,0,0.0,0.0,43.09442227534902
33.86821309135529,3.990924157436365,30,119.72772472309094,11.918317416927282,141.67762039751895
31.95906790411752,3.3750730278840315,10,33.750730278840315,0.0,65.70979818295784
97.57094992772011,4.447562845653303,30,133.4268853695991,16.028065610879725,214.96976968643946
45.378795220008435,3.854897781827461,20,77.09795563654922,0.0,122.47675085655766
90.2841899659402,4.841642358441871,30,145.24927075325613,19.57478122597684,215.9586794932195
66.80247633975367,2.0251031421201007,20,40.50206284240201,0.0,107.30453918215568
81.53301731874836,5.6100898536451504,40,224.403594145806,43.3210782437418,262.6155332208126
55.23733837946729,3.0303550248679065,10,30.303550248679066,0.0,85.54088862814635
61.92134961637232,8.511289680636729,30,255.33869041910185,52.60160712573055,264.6584329097436
54.32659244369775,1.860688722404563,20,37.21377444809126,0.0,91.540366891789
27.571868901824004,7.0623657803579745,40,282.494631214319,60.74838936429569,249.3181107518473
75.02069037353547,3.0308737094351668,30,90.926211283055,3.277863384916499,162.66903827167397
35.26951261967702,1.8997458194989014,40,75.98983277995606,0.0,111.25934539963308
12.188436978830845,2.0831117121843326,20,41.662234243686655,0.0,53.8506712225175
68.09250663164511,2.279164618638355,40,91.1665847455342,3.349975423660258,155.90911595351903
25.939961146634406,3.4325082787230885,30,102.97524836169265,6.892574508507795,122.02263499981926
94.64127259176229,3.6239316166305726,20,72.47863233261145,0.0,167.11990492437374
95.85357193023286,1.9827107971620872,0,0.0,0.0,95.85357193023286
92.33779511984037,2.682113154349621,20,53.642263086992415,0.0,145.98005820683278
43.31428302299,8.830827256289563,20,176.61654512579128,28.984963537737382,190.9458646110439
11.391095487598069,7.029733130327231,30,210.89199390981693,39.26759817294508,183.01549122446994
93.54867063289528,3.4555375054106294,0,0.0,0.0,93.54867063289528
48.53657334855829,2.7756970726153956,20,55.51394145230791,0.0,104.05051480086621
96.99893371393026,2.9037913049544235,20,58.075826099088474,0.0,155.07475981301872
96.72579793803276,3.8092597731553837,30,114.27779319466151,10.283337958398453,200.72025317429583
86.7708509920624,1.548774679806139,10,15.48774679806139,0.0,102.2585977901238
36.50040028626271,2.3594838899384194,30,70.78451669815259,0.0,107.2849169844153
44.658795574173276,1.0857584329819165,10,10.857584329819165,0.0,55.516379903992444
86.60230043651713,3.385740756507338,0,0.0,0.0,86.60230043651713
38.52298046406499,3.88047576838829,30,116.4142730516487,10.924281915494612,144.0129716002191
25.254347201748324,2.083913144533363,20,41.678262890667256,0.0,66.93261009241559
60.11211362125152,6.460409590001227,10,64.60409590001227,0.0,124.71620952126378
94.25392967447029,1.3851783242865308,0,0.0,0.0,94.25392967447029
72.64268170074757,1.2148174467125408,0,0.0,0.0,72.64268170074757
61.30550530804285,3.0754415984755026,0,0.0,0.0,61.30550530804285
18.745884439369167,4.835110904236381,40,193.40443616945524,34.02133085083657,178.12898975798785
65.35065040292528,6.863106832865388,20,137.26213665730776,17.17864099719233,185.4341460630407
99.10484650938369,2.1119541480866135,0,0.0,0.0,99.10484650938369
22.60756137128716,4.919832368040145,40,196.79329472160578,35.03798841648173,184.36286767641118
56.64966871273631,2.6613149473986857,10,26.61314947398686,0.0,83.26281818672317
88.96357647351599,2.4720678460515515,10,24.720678460515515,0.0,113.6842549340315
76.6691755978784,4.419439886806494,40,176.77759547225975,29.033278641677924,224.41349242846022
72.73141668957412,3.8914334392249965,30,116.7430031767499,11.022900953024967,178.45151891329905
73.22356755883983,1.142232080748059,0,0.0,0.0,73.22356755883983
42.35420360977797,6.123275662767626,0,0.0,0.0,42.35420360977797
36.423265983804406,5.8069196223338935,30,174.2075886700168,28.26227660100504,182.3685780528162
82.84250399306623,1.926953992918437,10,19.26953992918437,0.0,102.11204392225059
82.91020552112627,3.379378927635061,40,135.17515710540243,16.55254713162073,201.53281549490796
88.03650867220934,3.5669703800358894,10,35.669703800358896,0.0,123.70621247256824
92.19164973008242,3.1373251417859658,30,94.11975425357898,4.235926276073692,182.0754777075877
56.020815897484404,2.0083875082057947,0,0.0,0.0,56.020815897484404
55.136466521847964,1.8787509122254509,20,37.57501824450902,0.0,92.71148476635699
81.84656610700976,2.680344312153402,20,53.60688624306804,0.0,135.4534523500778
68.49675376999886,5.181014883790937,20,103.62029767581873,7.08608930274562,165.03096214307197
73.1770189531933,3.6655562048085892,30,109.96668614425768,8.990005843277304,174.15369925417366
81.6213402492491,2.217015933012095,0,0.0,0.0,81.6213402492491
90.10048076358096,4.155506369744963,30,124.66519109234888,13.399557327704663,201.36611452822518
40.41956411663822,0.567395639695757,0,0.0,0.0,40.41956411663822
43.802465737594964,5.1131780331925025,30,153.3953409957751,22.018602298732525,175.1792044346375
18.45837458567821,1.0441022462354268,10,10.441022462354269,0.0,28.89939704803248
62.045212689655656,2.227004663238317,40,89.08018652953268,2.7240559588598043,148.40134326032856
13.234804641706788,1.4684120193658525,40,58.7364807746341,0.0,71.97128541634089
51.90382163192142,1.3336575272757158,10,13.336575272757159,0.0,65.24039690467858
58.838017123681894,5.147209550924443,20,102.94419101848887,6.8832573055466595,154.8989508366241
35.7887126915456,2.101737406867057,10,21.01737406867057,0.0,56.80608676021617
63.174993451210966,3.288978844381258,30,98.66936533143775,5.600809599431323,156.2435491832174
12.745022494514448,2.649030387718234,30,79.47091163154703,0.0,92.21593412606147
13.361336987429297,3.533795320447267,30,106.013859613418,7.804157884025401,111.5710387168219
84.03405045936924,2.8355957043086213,10,28.355957043086214,0.0,112.39000750245546
42.41715772701366,1.3422593506504135,10,13.422593506504136,0.0,55.839751233517795
21.43544613866963,4.7018062843085024,40,188.0722513723401,32.42167541170203,177.08602209930768
57.001893404932396,2.071833324382505,20,41.4366664876501,0.0,98.4385598925825
79.29941977887498,1.1547454796343815,0,0.0,0.0,79.29941977887498
29.423892474715885,2.14799889339822,10,21.479988933982202,0.0,50.90388140869808
66.06014282371002,6.205387614829509,40,248.21550459318036,50.464651377954105,263.81099603893625
17.68127184943912,4.33890476583633,10,43.389047658363296,0.0,61.07031950780242
14.651354905174692,2.24395812379451,20,44.8791624758902,0.0,59.53051738106489
57.82191684113332,2.2432108678070555,30,67.29632603421166,0.0,125.11824287534498
58.657160944909585,2.2775509520676396,10,22.775509520676394,0.0,81.43267046558597
67.36869113483858,8.518254005925622,30,255.54762017776864,52.66428605333059,270.2520252592766
75.34822003503955,3.3537009550168575,20,67.07401910033715,0.0,142.42223913537669
97.82668715162812,3.4436188370718583,10,34.43618837071858,0.0,132.2628755223467
56.46703134710758,4.790601126647952,40,191.6240450659181,33.48721351977543,214.60386289325027
39.06608256471214,3.099788977700444,40,123.99155910801775,13.197467732405325,149.86017394032456
81.56675752918333,2.3573233927893336,30,70.71970178368001,0.0,152.28645931286334
34.37490261358668,2.44002328673461,20,48.800465734692196,0.0,83.17536834827888
49.507427863507246,2.61331441712312,10,26.1331441712312,0.0,75.64057203473845
17.061074320803936,2.6631983025858097,30,79.89594907757429,0.0,96.95702339837823
12.281566907391175,4.055995873879768,30,121.67987621639304,12.503962864917911,121.45748025886631
96.63835732101326,2.7970638365872826,0,0.0,0.0,96.63835732101326
85.23821084609853,4.067188776396383,20,81.34377552792768,0.4031326583783027,166.1788537156479
72.63767854843282,2.600245544967342,30,78.00736634902026,0.0,150.6450448974531
46.80576499728429,2.838425095940141,30,85.15275287820424,1.5458258634612718,130.41269201202726
25.59648880637612,0.9057333096397486,0,0.0,0.0,25.59648880637612
24.079333840397744,4.4995627306417285,30,134.98688191925186,16.496064575775556,142.57015118387403
32.52186083481358,3.2889509762974756,20,65.77901952594951,0.0,98.30088036076309
59.43039982355084,4.706316583821801,30,141.18949751465402,18.356849254396206,182.26304808380866
74.31363304300561,0.5526997027228631,0,0.0,0.0,74.31363304300561
69.41776390459582,8.572900193138715,40,342.9160077255486,78.87480231766457,333.4589693124798
35.19405072513486,2.517397688120054,20,50.34795376240108,0.0,85.54200448753593
95.93787525968747,5.000313193666286,40,200.01252774665144,36.003758323995434,259.94664468234345
76.41072250261917,1.5342654619331846,10,15.342654619331846,0.0,91.75337712195102
59.891864726026064,3.807701201220357,10,38.07701201220357,0.0,97.96887673822962
65.0548671610917,1.522907657737603,40,60.91630630950412,0.0,125.97117347059583
47.764005618501095,1.9288559817876094,30,57.86567945362828,0.0,105.62968507212938
32.29578905510417,7.789037096672346,30,233.67111290017039,46.101333870051114,219.86556808522346
42.03754107861354,2.4476409412837556,20,48.95281882567511,0.0,90.99035990428865
78.20614994179321,3.0635919892955483,40,122.54367957182194,12.763103871546582,187.9867256420686
11.295413976678027,4.386524605230618,40,175.46098420922473,28.638295262767418,158.11810292313532
20.44653764562246,3.5702122163656664,20,71.40424432731334,0.0,91.85078197293579
14.140237781957747,2.9527306841150414,30,88.58192052345125,2.5745761570353736,100.14758214837363
13.665592208707313,3.3225366797756983,30,99.67610039327096,5.902830117981287,107.43886248399699
86.99145256099065,10.194808008085797,10,101.94808008085798,6.584424024257393,182.35510861759124
73.32920734420213,2.633489207123313,10,26.33489207123313,0.0,99.66409941543526
52.67564461785927,3.0361931448048005,20,60.72386289609601,0.0,113.39950751395529
18.805074458590134,4.844576916549446,20,96.89153833098892,5.067461499296677,110.62915129028238
54.24542876051491,4.993011641734408,40,199.72046566937632,35.9161397008129,218.04975472907836
52.61245937025091,5.221927925311199,20,104.43855850622398,7.331567551867195,149.7194503246077
25.588168291901365,3.862449710160966,30,115.87349130482897,10.762047391448691,130.69961220528162
49.04664843141757,1.449686459174485,20,28.993729183489698,0.0,78.04037761490727
45.86542609576361,6.675121075447317,40,267.00484301789265,56.10145290536779,256.76881620828846
65.42650882469948,1.4470254474412334,0,0.0,0.0,65.42650882469948
67.15842857808794,3.210573256835288,20,64.21146513670575,0.0,131.3698937147937
14.077360879484006,1.795257171106451,30,53.85771513319354,0.0,67.93507601267754
43.71513531638241,2.6240630772363693,10,26.240630772363694,0.0,69.9557660887461
66.32739241428128,3.2570416878240565,10,32.570416878240565,0.0,98.89780929252184
55.28226327220789,3.24380319977088,20,64.8760639954176,0.0,120.15832726762548
87.08408570694901,3.4282722423235934,10,34.28272242323593,0.0,121.36680813018495
69.28242684570505,6.603112956967295,30,198.09338870901885,35.428016612705655,231.94779894201824
24.664098437328672,3.4884023981432493,40,139.53609592572997,17.86082877771899,146.33936558533966
16.351187266038686,2.3767020907481626,10,23.767020907481626,0.0,40.118208173520316
67.8177350385684,4.619322006841279,40,184.77288027365117,31.43186408209535,221.1587512301242
12.386017948745963,5.228940984283716,40,209.15763937134864,38.74729181140459,182.79636550869003
62.7198023146117,1.3837755949539303,0,0.0,0.0,62.7198023146117
94.62072172824618,3.77564050466064,10,37.7564050466064,0.0,132.37712677485257
61.792676008829105,3.9974034317401514,40,159.89613726960607,23.96884118088182,197.71997209755338
44.935293358586975,2.3079047381262012,30,69.23714214378603,0.0,114.172435502373
67.89593965981179,5.792933121399645,30,173.78799364198935,28.136398092596803,213.5475352092043
51.2427601442365,2.5029484754805558,30,75.08845426441667,0.0,126.33121440865317
59.105511038434145,2.912660863324546,20,58.25321726649092,0.0,117.35872830492507
94.73183278988726,2.4714635280445467,10,24.714635280445467,0.0,119.44646807033273
44.74923740206968,2.7416734336196202,20,54.83346867239241,0.0,99.5827060744621
96.50715074415228,1.4874283693326071,20,29.74856738665214,0.0,126.25571813080442
91.48155777604573,1.2311787140048887,0,0.0,0.0,91.48155777604573
27.62120213103668,6.53372865903501,30,196.0118597710503,34.80355793131509,188.8295039707719
16.24251707876489,1.706033795095096,40,68.24135180380384,0.0,84.48386888256873
19.070020123968398,1.5757545041112473,10,15.757545041112472,0.0,34.82756516508087
11.639964308639476,0.8316325665229587,10,8.316325665229588,0.0,19.956289973869062
18.499866468033556,1.912805550205357,40,76.51222200821428,0.0,95.01208847624784
71.47060960747211,1.3129816421630867,0,0.0,0.0,71.47060960747211
16.40697836142061,6.706708794803273,40,268.26835179213094,56.48050553763928,228.19482461591227
38.70780672643852,4.736978092358063,20,94.73956184716127,4.42186855414838,129.0255000194514
86.03877798725091,1.861750753159263,10,18.61750753159263,0.0,104.65628551884353
12.094474216224327,9.38243845956177,30,281.4731537868531,60.44194613605593,233.1256818670215
83.30216343300422,4.664455083070667,20,93.28910166141334,3.986730498424002,172.60453459599356
35.36692972960599,2.2735505740864963,30,68.20651722259488,0.0,103.57344695220087
20.634834485949064,0.6875139606961445,0,0.0,0.0,20.634834485949064
72.70634488277356,9.583265640256638,40,383.33062561026554,90.99918768307965,365.0377828099595
66.60485621018955,1.2658389997987312,0,0.0,0.0,66.60485621018955
88.97248121743476,1.0996926032655776,0,0.0,0.0,88.97248121743476
76.15639394234972,4.7703216648483435,30,143.10964994545031,18.932894983635094,200.33314890416494
82.31328373463637,10.400603397832036,20,208.01206795664072,38.403620386992216,251.9217313042849
35.38311153141758,5.820289775919578,30,174.60869327758735,28.382607983276205,181.6091968257287
25.969558940175055,3.70672973937799,30,111.2018921813397,9.36056765440191,127.81088346711286
77.55532764767725,3.7701503749380163,30,113.10451124814048,9.931353374442144,180.72848552137557
82.61512653405376,4.346533180404388,30,130.39599541213164,15.118798623639492,197.8923233225459
99.1454627800606,4.126422151555822,0,0.0,0.0,99.1454627800606
47.135590922028385,3.172929466840956,20,63.45858933681912,0.0,110.5941802588475
43.481627721350485,2.878618832804391,10,28.786188328043913,0.0,72.2678160493944
79.87716646677971,2.6262941383842495,0,0.0,0.0,79.87716646677971
40.672318622771606,1.7955645340140283,40,71.82258136056113,0.0,112.49489998333274
93.76815930432082,2.329441892392157,10,23.294418923921572,0.0,117.06257822824239
87.25714766587106,1.0713009512142941,10,10.713009512142941,0.0,97.970157178014
48.609462463751655,2.5751639584236643,10,25.751639584236642,0.0,74.3611020479883
77.57839610123476,1.5781841138590957,0,0.0,0.0,77.57839610123476
77.90885866762142,1.4814567223131452,20,29.629134446262903,0.0,107.53799311388431
19.281148195233936,3.0009886462667033,20,60.01977292533407,0.0,79.300921120568
91.229761601161,5.845085703323649,40,233.80342813294595,46.14102843988378,278.8921612942232
55.472713520307146,4.504487550443684,40,180.17950201774735,30.053850605324204,205.59836493273028
84.38117194969675,1.1459393205795618,0,0.0,0.0,84.38117194969675
38.804464092755055,1.5772842276703827,0,0.0,0.0,38.804464092755055
90.59709056465805,4.560462999698293,10,45.604629996982936,0.0,136.20172056164097
45.02815108607468,1.5834910477989044,10,15.834910477989045,0.0,60.86306156406373
10.975388633226853,2.4023604323525665,20,48.04720864705133,0.0,59.02259728027818
91.48437787773373,3.678586791822595,0,0.0,0.0,91.48437787773373
18.21580091075202,1.595856447528936,40,63.83425790115744,0.0,82.05005881190947
38.738227383137335,2.880478794384285,30,86.41436383152855,1.924309149458564,123.22828206520731
95.50557703457244,1.3051082372999092,0,0.0,0.0,95.50557703457244
95.55464322438004,1.9527678878940027,10,19.527678878940026,0.0,115.08232210332007
61.60940993109575,3.240993970510739,10,32.40993970510739,0.0,94.01934963620315
66.86534909528193,1.1318499823324826,0,0.0,0.0,66.86534909528193
50.36009697804878,3.463435812926702,30,103.90307438780106,7.170922316340317,147.09224904950952
36.388969452825805,2.689080222950026,20,53.78160445900052,0.0,90.17057391182632
39.57980908329244,3.683522424437935,10,36.83522424437935,0.0,76.41503332767178
70.52666104693346,3.074532243447254,20,61.49064486894508,0.0,132.01730591587852
77.7137076493912,5.75619828299775,20,115.123965659955,10.5371896979865,182.3004836113597
81.24211393532637,2.912097105526038,10,29.120971055260377,0.0,110.36308499058674
81.06563285150985,2.1464749798949363,20,42.929499597898726,0.0,123.99513244940857
18.208549274382133,2.9074128381114503,30,87.22238514334352,2.1667155430030545,103.2642188747226
54.49782742323233,3.664947153395085,20,73.29894306790169,0.0,127.79677049113403
15.180288401497986,2.792320690166886,40,111.69282760667544,9.50784828200263,117.3652677261708
59.4575994091362,2.779651138728733,0,0.0,0.0,59.4575994091362
49.73774512360393,1.8476315427402799,10,18.4763154274028,0.0,68.21406055100672
89.89337644824698,1.8877855875293854,10,18.877855875293854,0.0,108.77123232354083
41.58235112968708,1.2567978540797957,10,12.567978540797958,0.0,54.15032967048504
20.536031478484528,7.115440981521533,30,213.463229445646,40.038968833693794,193.96029209043672
22.869251384755227,1.3714591150139233,30,41.1437734504177,0.0,64.01302483517293
78.5359568545725,1.8568883212272829,10,18.56888321227283,0.0,97.10484006684533
65.63962569846349,1.8310251548985952,0,0.0,0.0,65.63962569846349
19.10104085105112,4.44690526119123,40,177.87621044764919,29.362863134294756,167.61438816440557
17.56961255034977,2.3112249767406188,10,23.112249767406187,0.0,40.68186231775596
73.0872218313208,5.399239660096111,20,107.98479320192222,8.395437960576665,172.67657707266636
16.548670572777418,1.876822442437125,10,18.768224424371247,0.0,35.316894997148665
83.96740533613206,3.1690973167760594,10,31.690973167760596,0.0,115.65837850389266
73.56180044408465,1.7169665854306568,0,0.0,0.0,73.56180044408465
17.32139025777098,8.84482038343345,30,265.34461150300353,55.603383450901056,227.06261830987347
17.635394267667273,1.414563311288549,0,0.0,0.0,17.635394267667273
98.7975620651058,3.223286175756481,10,32.232861757564805,0.0,131.0304238226706
43.68437161805083,3.8519414137472703,20,77.0388282749454,0.0,120.72319989299623
43.357793236020186,3.412992606336531,20,68.25985212673062,0.0,111.6176453627508
83.15196105317523,2.4549141412416615,10,24.549141412416617,0.0,107.70110246559184
95.25237196454728,2.5309598424187434,10,25.309598424187435,0.0,120.56197038873472
98.74009574405838,2.78457792682911,30,83.5373378048733,1.061201341461991,181.21623220746972
77.80403667330475,2.50715563921092,0,0.0,0.0,77.80403667330475
43.86336269778242,4.618793455819228,30,138.56380367457683,17.56914110237305,164.8580252699862
17.51506450288019,9.168627946101468,40,366.7451178440587,86.02353535321761,298.2366469937213
79.94322243346932,2.0004647293564735,20,40.00929458712947,0.0,119.95251702059878
60.256382476222456,1.2796778431718039,10,12.796778431718039,0.0,73.0531609079405
48.17998083222786,2.5894483827809465,0,0.0,0.0,48.17998083222786
91.57189465852623,11.232823205770902,40,449.31292823083606,110.79387846925081,430.09094442011155
20.00777340755362,1.7471379423895308,10,17.471379423895307,0.0,37.47915283144893
54.336259386177325,6.696026180119274,20,133.9205236023855,16.176157080715644,172.08062590784715
11.021828029067716,6.839642387524638,20,136.79284775049274,17.037854325147823,130.7768214544126
52.17945777947136,2.0047642384979563,10,20.04764238497956,0.0,72.22710016445092
15.067294811365361,3.71708847396707,30,111.5126542190121,9.453796265703632,117.12615276467383
20.693612464126474,6.656661900235974,30,199.69985700707923,35.90995710212377,184.48351236908195
20.57736220993944,2.2066592990075047,10,22.066592990075048,0.0,42.64395520001449
68.42892719044572,2.4303391170171453,0,0.0,0.0,68.42892719044572
77.1440391338881,1.9740267603510568,10,19.740267603510567,0.0,96.88430673739867
62.503188858744366,1.5556349622220478,20,31.112699244440954,0.0,93.61588810318531
96.59552936270877,1.9019836164146897,10,19.0198361641469,0.0,115.61536552685567
43.73835215713336,1.386569697234321,0,0.0,0.0,43.73835215713336
35.714087765367466,2.769719101184605,20,55.3943820236921,0.0,91.10846978905957
88.17392153705143,1.7798244269920058,10,17.79824426992006,0.0,105.97216580697149
30.123625466750738,3.0912707474002588,40,123.65082989601035,13.095248968803105,140.679206393958
96.69002854965501,1.1551814077041793,0,0.0,0.0,96.69002854965501
11.09390272208347,3.2608377070386387,30,97.82513121115916,5.347539363347748,103.57149456989488
97.28909440368751,4.299251461757014,20,85.98502923514027,1.7955087705420822,181.47861486828572
13.884392075551851,0.9079603185127282,40,36.318412740509125,0.0,50.202804816060976
90.2028802328264,3.3391995194068946,40,133.5679807762758,16.070394232882737,207.70046677621946
57.49309981776699,5.339958844181624,20,106.79917688363248,8.039753065089744,156.25252363630975
99.36683165073703,1.3975174879670451,0,0.0,0.0,99.36683165073703
16.641690826185897,6.820377435418309,40,272.8150974167324,57.84452922501971,231.61225901789857
59.846885596118874,3.4228052217919367,20,68.45610443583874,0.0,128.30299003195762
97.2372282057189,1.8445650036831904,0,0.0,0.0,97.2372282057189
57.078805975313394,2.636169739212881,20,52.72339478425762,0.0,109.80220075957101
66.64587743217363,3.695366737662255,10,36.953667376622555,0.0,103.5995448087962
72.61738200861555,2.834322595598843,10,28.34322595598843,0.0,100.96060796460398
50.90869582909959,3.6558031013814656,20,73.11606202762931,0.0,124.02475785672891
66.4802272075657,1.6382515151671422,0,0.0,0.0,66.4802272075657
62.58828807307902,2.983653192455891,10,29.836531924558912,0.0,92.42481999763794
91.10422094418901,1.2491421387401918,0,0.0,0.0,91.10422094418901
14.090174230731208,2.5569769102642663,40,102.27907641057065,6.683722923171196,109.68552771813066
35.28668706330073,1.653428146659572,40,66.13712586638287,0.0,101.4238129296836
95.53703356689029,1.8138624675211181,30,54.41587402563354,0.0,149.95290759252384
90.12374055018248,5.364757884532059,40,214.59031538128238,40.37709461438471,264.3369613170801
51.009107750714165,4.954125017053868,20,99.08250034107736,5.724750102323209,144.36685798946831
65.81193380213831,3.8000946202911146,10,38.000946202911145,0.0,103.81288000504946
34.96430646830194,1.4906734227491094,10,14.906734227491095,0.0,49.871040695793035
26.930904375138518,2.28410748956569,20,45.6821497913138,0.0,72.61305416645232
51.7328564445984,5.297334317071046,20,105.94668634142093,7.784005902426278,149.89553688359305
41.80170052234475,2.938632398367719,20,58.77264796735438,0.0,100.57434848969913
62.529050066578485,9.73406167071813,40,389.36246682872525,92.80874004861757,359.08277684668616
16.996117326848637,3.37476202817075,30,101.24286084512251,6.372858253536752,111.86611991843439
97.69553268995499,3.0211181586505877,0,0.0,0.0,97.69553268995499
98.75896700316426,2.293286507181728,0,0.0,0.0,98.75896700316426
72.83455426177706,2.925447608813317,40,117.01790435253267,11.1053713057598,178.74708730854994
58.24867297097084,2.4996271730941095,10,24.996271730941096,0.0,83.24494470191193
37.8574854657695,4.012681705051004,20,80.25363410102008,0.07609023030602487,118.03502933648356
83.24155177362537,4.600597904267259,20,92.01195808534519,3.603587425603555,171.649922433367
71.62580552984913,1.7642149373295772,0,0.0,0.0,71.62580552984913
24.635524541040215,1.3071142902545347,10,13.071142902545347,0.0,37.70666744358556
91.98344660444582,0.9901360161830031,0,0.0,0.0,91.98344660444582
84.0283518630852,3.594465242647461,20,71.88930485294921,0.0,155.9176567160344
95.48199219627317,1.4816381986511178,10,14.816381986511178,0.0,110.29837418278434
75.3147557549524,0.8318610776143421,0,0.0,0.0,75.3147557549524
65.20736763422109,3.3659768982902953,20,67.3195379658059,0.0,132.526905600027
47.6418732661557,10.709698519118266,20,214.1939703823653,40.25819111470959,221.57765253381143
93.94556350186119,2.70922061788817,10,27.092206178881703,0.0,121.03776968074288
87.94575005503675,4.311000130120663,20,86.22000260241325,1.8660007807239736,172.29975187672605
14.069680309557047,2.8434160026481976,40,113.7366401059279,10.120992031778371,117.68532838370658
12.37302770475268,2.5743850517611966,30,77.2315515528359,0.0,89.60457925758857
43.881703019024464,4.506370514923623,10,45.063705149236235,0.0,88.9454081682607
82.94979977036496,2.317175531553622,0,0.0,0.0,82.94979977036496
98.854851638345,3.1489396362030253,20,62.978792724060504,0.0,161.8336443624055
23.537520199317537,3.244410901830934,30,97.33232705492803,5.199698116478409,115.67014913776717
63.47176438169216,1.882405067550556,20,37.64810135101112,0.0,101.11986573270329
44.28017709679194,4.690894514194154,40,187.63578056776618,32.29073417032985,199.62522349422827
97.29229580331429,2.46889858409204,40,98.7559433636816,5.626783009104479,190.42145615789138
85.79070308221378,1.7938069735494822,10,17.93806973549482,0.0,103.7287728177086
85.44958342400241,3.651289577003812,10,36.51289577003812,0.0,121.96247919404053
52.18238438154732,1.6583823014431645,20,33.16764602886329,0.0,85.35003041041061
47.33375521038987,2.760742420669212,30,82.82227262007636,0.8466817860229084,129.30934604444332
34.60663647376356,2.70468255860319,30,81.1404767580957,0.3421430274287104,115.40497020443055
15.073794698583441,4.939393553464712,40,197.57574213858848,35.27272264157654,177.3768141955954
87.82501386295479,3.5292452154053784,20,70.58490430810757,0.0,158.40991817106237
83.16109082170698,2.681121488075351,10,26.81121488075351,0.0,109.97230570246049
99.97459059575175,4.2621403537374425,20,85.24280707474885,1.572842122424656,183.64455554807594
99.69731533665149,5.839318833625276,40,233.57275334501105,46.07182600350331,287.19824267815926
59.988853504236474,3.6943169097237902,0,0.0,0.0,59.988853504236474
79.20886736624594,2.7338037129880175,20,54.67607425976035,0.0,133.88494162600628
95.02891568941853,1.3211334893916182,0,0.0,0.0,95.02891568941853
86.46826516096704,1.513140791960299,10,15.13140791960299,0.0,101.59967308057003
32.26132915688779,2.298200470587608,30,68.94601411762824,0.0,101.20734327451603
50.54897217790842,1.9440400133247329,20,38.88080026649466,0.0,89.42977244440308
21.62434736363455,2.45264193249062,40,98.1056772996248,5.431703189887441,114.2983214733719
95.86459245328501,2.804309829733221,10,28.04309829733221,0.0,123.90769075061722
64.5557171005792,3.637625068124934,30,109.12875204374802,8.738625613124407,164.94584353120283
30.577852495311646,2.6148995193803737,30,78.44698558141121,0.0,109.02483807672286
70.4530615965271,3.552231168039387,40,142.08924672157548,18.62677401647264,193.91553430162995
65.63154164121062,2.8164040964081263,20,56.328081928162526,0.0,121.95962356937315
42.23464462295564,0.9171294851679953,0,0.0,0.0,42.23464462295564
20.220183297966614,1.6215225173341046,0,0.0,0.0,20.220183297966614
70.44158760335196,2.511177695137264,0,0.0,0.0,70.44158760335196
56.827693081341394,1.3974761943356682,10,13.974761943356683,0.0,70.80245502469808
79.50865525620753,3.7808951792364516,30,113.42685537709355,10.028056613128063,182.90745402017302
56.814715100079404,6.308594801086495,40,252.3437920434598,51.703137613037946,257.4553695305013
86.69633502866861,5.313862746976181,10,53.13862746976181,0.0,139.83496249843043
59.6716154897037,2.417191722271969,20,48.343834445439384,0.0,108.01544993514308
60.484417438184764,6.171237439522868,20,123.42474879045737,13.02742463713721,170.88174159150492
88.89882423925106,2.9498876989104295,10,29.498876989104296,0.0,118.39770122835534
46.31345795911573,2.258278316006772,40,90.33113264027088,3.0993397920812638,133.54525080730537
22.061370560557666,1.9398846936626821,30,58.19654080988046,0.0,80.25791137043812
12.590440868200508,2.3016854811155767,20,46.033709622311534,0.0,58.624150490512044
77.9623530106257,2.195704056579632,10,21.957040565796323,0.0,99.91939357642202
65.82785962181183,2.9853856136593047,20,59.70771227318609,0.0,125.53557189499791
73.36717912893012,2.9692686882368644,10,29.692686882368644,0.0,103.05986601129877
29.166774535801967,2.722839612924128,30,81.68518838772384,0.5055565163171521,110.34640640720865
22.27343280280928,3.4567055882167614,30,103.70116764650284,7.110350293950852,118.86425015536128
11.309019910109374,5.23232354107005,40,209.29294164280202,38.7878824928406,181.8140790600708
41.55288029259373,4.5825461632423234,10,45.825461632423234,0.0,87.37834192501697
63.09259181691698,1.2011820544769398,10,12.011820544769398,0.0,75.10441236168637
45.30196405897591,0.6672058738822014,0,0.0,0.0,45.30196405897591
49.37274298213561,4.544310228391427,10,45.44310228391427,0.0,94.81584526604988
91.37428250443736,1.281737674994592,10,12.817376749945918,0.0,104.19165925438328
41.34299203209703,2.4021856945110525,20,48.04371389022105,0.0,89.38670592231807
56.25905402438297,1.4282327426236634,10,14.282327426236634,0.0,70.54138145061961
80.52877114670288,1.0089505783315498,0,0.0,0.0,80.52877114670288
45.68885040891431,3.661249565603065,30,109.83748696809195,8.951246090427585,146.57509128657867
65.98780302050861,4.126936392673516,40,165.0774557069406,25.523236712082184,205.54202201536702
87.61273378720706,1.9796484523020694,0,0.0,0.0,87.61273378720706
95.45685612918778,0.6537218912654109,0,0.0,0.0,95.45685612918778
23.236613283613416,2.012878029590731,20,40.25756059181462,0.0,63.49417387542803
93.3928862645345,3.3719533413916136,10,33.71953341391614,0.0,127.11241967845064
54.29046637715844,1.2051434881715064,10,12.051434881715064,0.0,66.3419012588735
33.24199494690625,3.00671450453338,10,30.067145045333802,0.0,63.309139992240056
51.322218061443515,2.695488859643536,30,80.86466578930609,0.25939973679182626,131.92748411395777
98.20293177569293,3.7382228503057644,30,112.14668550917293,9.644005652751877,200.705611632114
54.33562845935826,2.9030711754226224,10,29.030711754226225,0.0,83.3663402135845
39.587644925875736,1.5917150496924939,10,15.91715049692494,0.0,55.504795422800676
67.00607688850532,5.249402842851836,30,157.4820852855551,23.244625585666526,201.24353658839385
31.613105690037376,2.491310145206726,30,74.73930435620179,0.0,106.35241004623916
16.827699529779753,2.677765031878163,30,80.33295095634489,0.0998852869034664,97.06076519922117
21.59917497195843,1.6269427212901881,40,65.07770885160753,0.0,86.67688382356596
21.52412550619952,2.1301550315643993,20,42.60310063128799,0.0,64.12722613748751
23.67124241610649,1.6708934899644596,40,66.83573959857839,0.0,90.50698201468488
22.49444553844691,2.4716344860735804,20,49.432689721471604,0.0,71.92713525991851
67.67872703228932,6.968776449368662,40,278.7510579747465,59.62531739242395,286.8044676146119
26.369207595923033,1.2782019596785739,20,25.564039193571478,0.0,51.93324678949451
41.11005549914769,1.1191183985200068,20,22.382367970400136,0.0,63.49242346954783
90.71095689154106,6.105217174334276,40,244.20868697337102,49.2626060920113,285.65703777290076
52.65654762365851,2.4226742149825546,20,48.453484299651095,0.0,101.1100319233096
70.08019646689245,1.8813883601553645,0,0.0,0.0,70.08019646689245
25.508788408146685,4.816018638251394,40,192.64074553005574,33.79222365901672,184.3573102791857
27.30601169278037,1.9482108783700618,30,58.44632635110185,0.0,85.75233804388222
13.678175463983099,7.42093709588418,30,222.6281128765254,42.78843386295762,193.51785447755088
25.20415567649481,3.94661886670092,20,78.9323773340184,0.0,104.1365330105132
35.073130512876276,2.0785046679198893,20,41.570093358397784,0.0,76.64322387127406
25.93094358490721,8.90416831677693,30,267.12504950330793,56.13751485099238,236.91847823722276
17.983228038135007,1.9481043905219635,0,0.0,0.0,17.983228038135007
20.857228399054073,4.088394926839785,40,163.53579707359137,25.06073912207741,159.332286350568
51.47008912294532,3.2046757628692517,30,96.14027288607755,4.842081865823266,142.7682801431996
28.570034656521326,5.561999740574787,20,111.23999481149575,9.371998443448724,130.43803102456835
42.78428749432679,6.416232825694047,30,192.4869847708214,33.746095431246424,201.52517683390175
55.30755437693712,2.766553390175471,10,27.66553390175471,0.0,82.97308827869183
72.13553457664288,1.7961045328094956,10,17.961045328094954,0.0,90.09657990473784
13.538092585698905,3.5007760714522806,30,105.02328214356842,7.506984643070527,111.0543900861968
81.94693590181384,1.8724665016998918,10,18.72466501699892,0.0,100.67160091881277
66.5110350541817,8.22651921132737,20,164.5303842265474,25.359115267964217,205.68230401276486
17.35831287539847,2.9302695989675165,30,87.9080879690255,2.3724263907076506,102.89397445371633
88.62207616960995,2.2234791343508298,0,0.0,0.0,88.62207616960995
92.87851604786319,3.008898810770052,0,0.0,0.0,92.87851604786319
15.497016386937737,1.295738160360024,30,38.87214481080072,0.0,54.36916119773846
34.918988333248336,1.5929892439270428,10,15.929892439270429,0.0,50.84888077251877
82.55811518137551,5.260508259534519,30,157.81524778603557,23.34457433581067,217.0287886316004
77.34337213452925,1.89403248579129,20,37.8806497158258,0.0,115.22402185035504
26.60689174207396,1.528365646438908,40,61.134625857556316,0.0,87.74151759963027
28.841439100303926,3.651576579374446,40,146.06306317497786,19.818918952493355,155.0855833227884
43.34248925122438,5.218120528582884,40,208.72482114331535,38.617446342994604,213.44986405154512
53.60706866719192,4.03668705983262,20,80.7337411966524,0.22012235899572088,134.1206875048486
65.64292943772664,4.701239640293616,20,94.02479280587231,4.207437841761693,155.46028440183724
43.202227561279514,1.79277141901978,20,35.8554283803956,0.0,79.05765594167511
51.62812445198331,1.2435922077381452,0,0.0,0.0,51.62812445198331
77.2723844320381,6.207346491511507,20,124.14692983023015,13.244078949069044,188.1752353131992
13.30148826015381,2.2762425716458465,10,22.762425716458466,0.0,36.06391397661228
32.719324990961866,2.3679908214792085,20,47.35981642958417,0.0,80.07914142054604
74.20146272960972,5.643513192280422,20,112.87026384560845,9.861079153682534,177.21064742153564
90.56861539184794,3.691107339983929,30,110.73322019951787,9.219966059855361,192.08186953151048
56.05096979040995,3.4929207406081693,30,104.78762221824508,7.4362866654735225,153.40230534318152
57.89021367387841,8.941928570550298,40,357.6771428220119,83.30314284660356,332.2642136492867
19.645481020579844,1.9080179357895897,10,19.080179357895897,0.0,38.72566037847574
50.26711301411092,4.528143673653659,10,45.28143673653659,0.0,95.54854975064751
57.935553980952086,2.8048700746201702,30,84.14610223860511,1.2438306715815328,140.83782554797568
31.82234532712567,3.1510185613341783,30,94.53055684002535,4.3591670520076065,121.99373511514342
34.231890785444286,6.300680443858946,30,189.02041331576837,32.70612399473051,190.54618010648213
43.95557467941604,3.5941576995466584,20,71.88315399093317,0.0,115.83872867034921
11.806407799995373,3.654878474277518,40,146.19513897110073,19.85854169133022,138.14300507976589
38.987124902486045,4.90315578476475,20,98.063115695295,5.418934708588499,131.63130588919256
29.03032062968902,2.2239302172302984,20,44.47860434460597,0.0,73.50892497429498
39.474761696012315,1.7133228686072763,0,0.0,0.0,39.474761696012315
20.778591863732608,1.5301334338808124,40,61.205337355232494,0.0,81.9839292189651
90.14745526659054,0.9217362823522651,0,0.0,0.0,90.14745526659054
63.42332081986438,8.422560854202429,20,168.45121708404858,26.53536512521457,205.33917277869838
71.11920872300406,1.4817671545668936,0,0.0,0.0,71.11920872300406
81.02541147466044,2.4068299471894625,10,24.068299471894626,0.0,105.09371094655506
54.85979790361515,2.3343948322854016,0,0.0,0.0,54.85979790361515
17.82282592786813,3.219009436442589,40,128.76037745770356,14.628113237311066,131.95509014826064
58.3395887636693,4.257386468216932,40,170.2954587286773,27.088637618603187,201.5464098737434
62.815700621879124,4.3634386102483775,10,43.634386102483774,0.0,106.4500867243629
77.0895526765897,1.9725111151658477,0,0.0,0.0,77.0895526765897
48.84935916067114,2.479564791347922,20,49.591295826958444,0.0,98.44065498762959
21.48222725160074,3.17535352552639,40,127.0141410210556,14.104242306316678,134.39212596633965
35.539831521885205,2.3707820523236514,20,47.41564104647303,0.0,82.95547256835823
42.67740667587716,6.580035015390575,40,263.201400615623,54.9604201846869,250.91838710681324
68.13255171984412,3.5609815508821123,40,142.4392620352845,18.731778610585344,191.84003514454326
61.37004742020207,4.072197509328279,40,162.88790037313117,24.86637011193935,199.3915776813939
42.048705330806165,3.914097181102995,40,156.5638872441198,22.969166173235937,175.64342640169002
98.78637239136818,5.183137778458942,10,51.83137778458942,0.0,150.6177501759576
64.51973374211984,3.002850058805836,40,120.11400235223346,12.034200705670036,172.59953538868328
31.350411256239504,1.3320810633326985,30,39.962431899980956,0.0,71.31284315622045
19.160422535836336,3.386606452206756,40,135.46425808827024,16.639277426481073,137.98540319762552
23.75732252658988,1.899809671793474,20,37.99619343586948,0.0,61.75351596245936
32.136195554605735,2.0324883387634918,40,81.29953355053968,0.3898600651619034,113.04586903998351
24.46132359336001,3.7527924279199953,30,112.58377283759987,9.77513185127996,127.26996457967992
26.79103216461752,5.3712233220420185,30,161.13669966126056,24.341009898378168,163.58672192749992
35.65856518244624,2.750270766026461,40,110.01083064105843,9.00324919231753,136.66614663118713
25.603623576527934,3.221535653610136,20,64.43071307220272,0.0,90.03433664873066
90.70888821637827,6.93248420113879,40,277.2993680455516,59.18981041366548,308.8184458482644
17.221037109547797,3.103139213795181,30,93.09417641385544,3.928252924156631,106.3869605992466
57.20602506132292,11.369402010993847,40,454.77608043975385,112.43282413192615,399.5492813691506
46.935714429069535,3.709994169657982,40,148.39976678631928,20.519930035895783,174.81555117949304
98.41407552177458,1.0320844369519615,0,0.0,0.0,98.41407552177458
20.08350119512471,4.113761807845542,20,82.27523615691084,0.6825708470732508,101.6761665049623
45.80700391411675,3.352267932935869,40,134.09071731743475,16.227215195230425,163.67050603632106
97.2523389947832,5.525446257584135,30,165.76338772752405,25.729016318257212,237.28671040405004
87.89564133045822,3.9363336452776947,20,78.7266729055539,0.0,166.62231423601213
83.5364863854352,2.5189677858194455,20,50.37935571638891,0.0,133.9158421018241
33.211254434044584,1.3862967317720125,0,0.0,0.0,33.211254434044584
25.379882865105923,2.423074548759857,30,72.6922364627957,0.0,98.07211932790163
70.17788979319879,1.7026974863746753,0,0.0,0.0,70.17788979319879
93.64383902148272,1.9752838362960299,10,19.752838362960297,0.0,113.39667738444302
60.10866037125368,3.757365783694315,40,150.2946313477726,21.088389404331778,189.3149023146945
61.44514205229099,6.810376993183468,40,272.4150797273387,57.72452391820161,276.13569786142807
35.19811842942558,3.377275574440613,30,101.31826723321839,6.395480169965517,130.12090549267847
79.25436398727432,1.4081324400963127,10,14.081324400963126,0.0,93.33568838823744
26.833937370177104,3.471307997720613,20,69.42615995441227,0.0,96.26009732458937
39.13113127638193,5.249576032640582,20,104.99152065281164,7.497456195843493,136.6251957333501
48.28927947547751,1.9437505941635158,30,58.31251782490548,0.0,106.60179730038298
55.68493408160095,2.5251249794894366,40,101.00499917957747,6.30149975387324,150.3884335073052
31.816875917357223,2.740330427483138,10,27.403304274831378,0.0,59.2201801921886
20.335314226528318,1.7652740153135962,30,52.95822045940788,0.0,73.29353468593621
64.95580381974693,3.8827910531002017,20,77.65582106200404,0.0,142.61162488175097
35.97674979162302,2.5433408657757717,10,25.433408657757717,0.0,61.41015844938074
62.31143992803511,3.4237719208134543,30,102.71315762440364,6.81394728732109,158.21065026511764
23.89264437467821,1.6684237229283474,10,16.684237229283475,0.0,40.57688160396168
53.30260916693357,2.136989226309846,30,64.10967678929538,0.0,117.41228595622894
57.93304892964273,4.044305113706272,30,121.32915341118817,12.398746023356452,166.86345631747446
14.664118314018422,2.2143120455757628,30,66.42936136727289,0.0,81.09347968129131
40.294385037452855,7.027493635757088,30,210.82480907271264,39.24744272181379,211.8717513883517
22.09732092450768,2.1819088172186323,40,87.27635268874529,2.1829058066235874,107.1907678066294
15.703747342549097,3.0758355845661955,40,123.03342338264783,12.910027014794347,125.82714371040258
99.09642091509507,4.539990672474903,30,136.1997201742471,16.859916052274126,218.43622503706803
39.011846047725065,1.2459506924215202,0,0.0,0.0,39.011846047725065
82.88870012691714,1.0320582955608768,0,0.0,0.0,82.88870012691714
32.917658928738746,1.1745546177157686,10,11.745546177157687,0.0,44.66320510589643
71.33524500015363,5.443494668343959,20,108.86989336687918,8.660968010063755,171.54417035696906
78.42050739007179,2.0066727852164403,10,20.066727852164405,0.0,98.4872352422362
63.60748665470599,11.100715959760704,20,222.01431919521409,42.60429575856423,243.01751009135583
52.441856969514255,1.9930454000760964,0,0.0,0.0,52.441856969514255
47.06568227325417,3.008685332557768,30,90.26055997673303,3.0781679930199104,134.2480742569673
41.39814398886958,6.348131222439638,20,126.96262444879275,14.088787334637825,154.2719811030245
93.65762298230433,8.193581374013123,10,81.93581374013122,0.580744122039367,175.0126926003962
84.75574670089563,8.447131929694418,40,337.88527718777675,77.36558315633302,345.2754407323394
96.85242195998613,5.283566941984858,40,211.3426776793943,39.402803303818295,268.7922963355621
21.186750113699027,4.774238043683658,40,190.96952174734633,33.290856524203896,178.86541533684147
75.77807276832799,3.7655345203846844,10,37.65534520384684,0.0,113.43341797217482
94.45064111389341,4.170761328347967,30,125.12283985043902,13.536851955131706,206.0366290092007
26.310975954909413,2.007415062826801,20,40.14830125653602,0.0,66.45927721144544
15.984664063009975,1.7332367498349723,10,17.332367498349722,0.0,33.3170315613597
76.70085843610532,2.7132415077578207,10,27.13241507757821,0.0,103.83327351368354
61.70258018619207,2.475391233355492,30,74.26173700066475,0.0,135.96431718685682
85.76458990824449,2.1185344932434327,40,84.7413797297373,1.422413918921191,169.0835557190606
22.579513896366056,3.986896449792501,40,159.47585799170002,23.842757397510006,158.21261449055606
81.57405806739011,4.597064118896066,10,45.970641188960656,0.0,127.54469925635077
28.14645880429701,2.8537210876598524,40,114.1488435063941,10.24465305191823,132.0506492587729
24.729034857913405,6.126609788923782,30,183.79829366771344,31.13948810031403,177.38784042531282
24.783921813789366,1.4507359613603663,10,14.507359613603663,0.0,39.29128142739303
83.3117248208244,2.4436364969112603,10,24.436364969112603,0.0,107.748089789937
69.86774986265802,1.8326219915509119,10,18.326219915509117,0.0,88.19396977816713
57.07588822922074,0.9737553969337682,0,0.0,0.0,57.07588822922074
42.29474357111523,2.5974381251576832,10,25.974381251576833,0.0,68.26912482269206
88.94804867317974,2.5422229371303358,10,25.42222937130336,0.0,114.3702780444831
45.32005966803718,6.248849449882131,10,62.48849449882131,0.0,107.8085541668585
83.49394955244193,3.8456645639647125,30,115.36993691894138,10.610981075682412,188.25290539570088
49.52214177131966,1.5475874687848852,0,0.0,0.0,49.52214177131966
43.92499864824168,7.536447457328195,40,301.4578982931278,66.43736948793834,278.94552745343117
51.64118071026458,5.320506643389517,40,212.82026573558068,39.846079720674204,224.61536672517104
37.12400867477279,3.743996923527984,30,112.31990770583951,9.695972311751854,139.74794406886045
77.2848442158626,2.3999160213381496,30,71.99748064014449,0.0,149.2823248560071
55.24483510832312,1.6036919178044993,0,0.0,0.0,55.24483510832312
30.89914256321356,2.2150750225758533,10,22.150750225758532,0.0,53.04989278897209
90.96171159471116,4.947150433590517,20,98.94300867181033,5.682902601543099,184.2218176649784
44.55020992358903,7.663911309604905,30,229.91733928814716,44.975201786444146,229.49234742529205
58.919757500258974,6.35209030451604,30,190.5627091354812,33.16881274064436,216.31365389509583
91.58248998680922,2.0774326283285256,10,20.774326283285255,0.0,112.35681627009447
66.18141963225929,1.4684543891490116,0,0.0,0.0,66.18141963225929
20.520823663752765,2.937290141718586,20,58.74580283437172,0.0,79.26662649812448
94.58489112521276,1.0277360248991088,0,0.0,0.0,94.58489112521276
66.49372477642761,3.247034904401555,0,0.0,0.0,66.49372477642761
40.14150531913775,2.5063276083932022,20,50.12655216786405,0.0,90.2680574870018
22.534486539704854,2.1036626066748543,40,84.14650426699417,1.2439512800982513,105.43703952660078
81.46226703432664,1.1307863922223493,0,0.0,0.0,81.46226703432664
65.80654803356622,3.60557067295865,20,72.111413459173,0.0,137.9179614927392
58.01149827786894,2.0279279108641237,40,81.11711643456495,0.3351349303694846,138.7934797820644
90.45033247458619,1.428386863952903,0,0.0,0.0,90.45033247458619
80.97374901020777,0.5600415971957576,10,5.600415971957577,0.0,86.57416498216534
23.650739175947606,2.677455229581888,30,80.32365688745664,0.09709706623699077,103.87729899716726
38.05498610159934,7.2047344913972715,30,216.14203474191814,40.84261042257544,213.35441042094203
32.36402258330192,6.778071134239297,40,271.12284536957185,57.33685361087155,246.1500143420022
76.95516633154092,2.114032072645266,30,63.420962179357986,0.0,140.37612851089892
13.017919126220145,1.9518611763740634,10,19.518611763740633,0.0,32.53653088996078
61.29007163841849,3.517764986192296,30,105.53294958576888,7.659884875730662,159.1631363484567
78.62128171666215,1.5697054784939584,0,0.0,0.0,78.62128171666215
88.90890730855745,3.2090840216184686,10,32.09084021618469,0.0,120.99974752474213
40.78735738443167,4.142685102605418,20,82.85370205210836,0.8561106156325081,122.78494882090753
83.91315742048116,5.337798345667306,30,160.13395037001916,24.040185111005748,220.00692267949458
19.95685632596865,2.5725953623101097,40,102.9038144924044,6.871144347721318,115.98952647065174
86.18070625610663,2.430214286969793,10,24.30214286969793,0.0,110.48284912580456
21.473979609878416,1.677172898292882,10,16.77172898292882,0.0,38.24570859280723
45.755856150433054,1.7249806021300171,10,17.24980602130017,0.0,63.00566217173322
81.75658292015983,2.399922894279254,20,47.998457885585076,0.0,129.7550408057449
23.49256846138964,3.3269335661709682,30,99.80800698512905,5.942402095538716,117.35817335097998
30.632625570937734,4.492779463543441,20,89.85558927086882,2.956676781260646,117.53153806054591
75.00273115537597,1.7476142587801617,10,17.47614258780162,0.0,92.47887374317759
74.80328828914669,6.177901884447979,20,123.55803768895959,13.067411306687875,185.29391467141838
67.70328695967676,2.341711376242177,30,70.25134128726532,0.0,137.9546282469421
72.455360002039,2.6865235255729405,20,53.73047051145881,0.0,126.18583051349782
58.84519990128366,1.8022458407112365,0,0.0,0.0,58.84519990128366
32.66191530162575,0.7165321633778359,0,0.0,0.0,32.66191530162575
41.11263941535275,4.420376917907676,30,132.6113075372303,15.783392261169086,157.94055469141395
26.34379451212831,4.07660340695198,30,122.2981022085594,12.689430662567819,135.95246605811988
91.76055052002656,2.328606089213607,0,0.0,0.0,91.76055052002656
62.50526152895084,2.8203046033064463,30,84.60913809919339,1.3827414297580163,145.73165819838619
46.07662750872759,3.610212264827047,30,108.30636794481141,8.491910383443424,145.89108507009558
51.58052232797194,1.1509639155331723,0,0.0,0.0,51.58052232797194
95.25550056506339,2.0320010114146423,20,40.64002022829285,0.0,135.89552079335624
23.801626280447216,4.207402920248858,20,84.14805840497715,1.2444175214931448,106.70526716393121
62.76068488151175,1.3636171214354096,0,0.0,0.0,62.76068488151175
55.52998109960194,3.194583957774729,30,95.83751873324186,4.751255619972559,146.61624421287124
65.0308811891183,1.2890171225453224,20,25.78034245090645,0.0,90.81122364002475
11.629916543875646,3.5132322768919826,40,140.5292910756793,18.15878732270379,134.00042029685116
88.49115180497364,2.665514733473902,10,26.65514733473902,0.0,115.14629913971265
93.89064542352511,1.1181521998072916,10,11.181521998072917,0.0,105.07216742159804
60.861986523028804,5.158297818582804,10,51.58297818582804,0.0,112.44496470885684
72.6985741489203,1.8147988457029998,0,0.0,0.0,72.6985741489203
93.02494430595661,1.7408285179540905,0,0.0,0.0,93.02494430595661
73.65147708820588,3.035308474760957,40,121.41233899043827,12.42370169713148,182.64011438151266
23.72851386228352,5.112817091259292,20,102.25634182518584,6.676902547555753,119.30795313991361
61.86595241501318,1.5547239403695903,10,15.547239403695903,0.0,77.41319181870908
64.60435417445703,2.8120785781297877,30,84.36235734389363,1.3087072031680904,147.65800431518258
48.17176041721474,3.441299202336418,20,68.82598404672837,0.0,116.9977444639431
76.27998120622506,3.979706544318719,20,79.59413088637439,0.0,155.87411209259943
94.09303132921134,2.9952953929521615,30,89.85886178856485,2.9576585365694554,180.99423458120674
93.30116616160987,2.2213934707669543,30,66.64180412300863,0.0,159.9429702846185
50.57554342637189,1.7243072552131453,30,51.72921765639436,0.0,102.30476108276625
20.19142412566797,2.8501714081299094,30,85.50514224389728,1.6515426731691847,104.04502369639607
98.63570790661011,1.5073053849497606,0,0.0,0.0,98.63570790661011
85.50082778013407,0.5451235755341822,0,0.0,0.0,85.50082778013407
21.219641308294015,3.4559863189150817,40,138.23945275660327,17.471835826980982,141.98725823791628
92.87576943556351,4.468997732635965,10,44.68997732635965,0.0,137.56574676192315
88.29067258559155,0.7411050917278571,0,0.0,0.0,88.29067258559155
56.69542514134649,1.559941175300131,10,15.599411753001311,0.0,72.2948368943478
63.21478921704363,3.8210866424939236,10,38.21086642493923,0.0,101.42565564198287
45.910243348311724,8.42853108523522,40,337.1412434094088,77.14237302282264,305.90911373489786
14.928547493982819,2.7495480128913683,40,109.98192051565474,8.99457615469642,115.91589185494114
40.16775174813108,1.8213871522037133,10,18.21387152203713,0.0,58.38162327016821
82.25681037382103,2.4581448941492416,20,49.162897882984836,0.0,131.41970825680585
10.416882070414257,5.790287995663042,40,231.6115198265217,45.48345594795651,196.54494594897943
40.014925452202974,1.9054528587984418,10,19.054528587984418,0.0,59.069454040187395
45.8351824231849,1.7514506656460147,30,52.54351996938044,0.0,98.37870239256534
58.36560426441306,2.0844208831807745,40,83.37683532723098,1.0130505981692934,140.72938899347474
92.78700547714844,1.609090746051865,0,0.0,0.0,92.78700547714844
41.17113949293651,2.908009055892115,30,87.24027167676344,2.1720815030290326,126.23932966667093
41.22578817066049,6.643062999024174,40,265.72251996096696,55.71675598829009,251.23155214333738
76.37511232987735,3.2468769640624284,20,64.93753928124858,0.0,141.31265161112594
50.69961468008265,2.3660113764044546,20,47.32022752808909,0.0,98.01984220817174
30.214434064598375,2.3152178854552923,20,46.304357709105844,0.0,76.51879177370422
50.7195564519424,1.1505557139934064,0,0.0,0.0,50.7195564519424
22.67713183418199,4.4181028188054645,20,88.3620563761093,2.508616912832788,108.5305712974585
25.874828785560098,2.6043667140596756,40,104.17466856238703,7.252400568716108,122.79709677923101
54.853099546553175,2.4614141623678996,20,49.22828324735799,0.0,104.08138279391116
47.70329045540931,15.74006169030295,40,629.602467612118,164.8807402836354,512.4250177838918
92.33613109612901,3.203724693374291,10,32.037246933742914,0.0,124.37337802987193
42.61545092049698,1.797712318561085,10,17.97712318561085,0.0,60.59257410610783
62.25295152502391,2.150076283240121,10,21.50076283240121,0.0,83.75371435742512
66.90378591275774,5.112278217859655,20,102.24556435719309,6.673669307157927,162.47568096279292
11.178501092950027,2.8930135965584785,20,57.86027193116957,0.0,69.03877302411959
69.71836348150396,1.2323798186109272,0,0.0,0.0,69.71836348150396
26.02323701827763,4.50674838260141,10,45.0674838260141,0.0,71.09072084429172
96.49632857225096,1.8823495420455025,20,37.64699084091005,0.0,134.143319413161
23.379645497780167,7.616475858208862,40,304.65903432835444,67.39771029850633,260.6409695276283
47.316171135432135,4.923533363902273,40,196.9413345560909,35.08240036682727,209.17510532469578
17.681470127077947,2.125427497394207,30,63.76282492182621,0.0,81.44429504890415
99.71868266613527,5.498960085260923,30,164.9688025578277,25.49064076734831,239.19684445661468
55.19755092981183,2.8216463616682743,0,0.0,0.0,55.19755092981183
63.58465155880394,4.3449989684965376,20,86.89997936993075,2.069993810979224,148.4146371177555
16.036882964958473,3.54877704408672,40,141.9510817634688,18.58532452904064,139.40264019938664
77.496442335926,1.7066012844468148,20,34.132025688936295,0.0,111.6284680248623
28.891503378602717,1.9079847726930297,20,38.15969545386059,0.0,67.05119883246331
90.82488604966424,4.789751109668688,20,95.79502219337377,4.73850665801213,181.88140158502588
28.462567643380645,2.261150076697577,10,22.61150076697577,0.0,51.07406841035642
27.16189485972999,2.1770991928334404,30,65.31297578500322,0.0,92.47487064473322
13.289470106328539,1.607503864801507,20,32.15007729603014,0.0,45.43954740235868
52.48602505989993,3.431438242854587,0,0.0,0.0,52.48602505989993
60.83570199363548,8.451878341350069,30,253.55635024050207,52.06690507215062,262.32514716198693
15.913777548551714,1.5111287636430322,20,30.222575272860645,0.0,46.13635282141236
79.79748550255096,2.7547334902384346,10,27.547334902384346,0.0,107.3448204049353
50.795995127322485,5.910446068530524,40,236.41784274122097,46.925352822366285,240.2884850461772
57.195124239482205,2.601783664987003,0,0.0,0.0,57.195124239482205
49.668647224440534,3.4861727036444896,40,139.4469081457796,17.834072443733877,171.28148292648626
46.06867547877934,1.5154062571057008,0,0.0,0.0,46.06867547877934
60.36762981773961,3.440335182679923,20,68.80670365359846,0.0,129.17433347133806
23.971622133764125,2.4524086259424895,40,98.09634503769958,5.428903511309874,116.63906366015384
26.3735317445744,4.6746369296784405,40,186.98547718713763,32.095643156141286,181.26336577557075
87.56070589121656,5.22294974927013,20,104.4589949854026,7.337698495620779,184.68200238099837
95.15039159202695,11.293868898423165,40,451.7547559369266,111.52642678107797,435.37872074787555
43.597838465177766,3.7389254049739553,20,74.77850809947911,0.0,118.37634656465687
34.36702058291984,3.251732639468425,30,97.55197918405275,5.265593755215826,126.65340601175677
67.95995889151142,3.0250008300139224,40,121.0000332005569,12.300009960167069,176.65998213190124
46.78607539882868,2.2383937638823403,20,44.76787527764681,0.0,91.5539506764755
12.284772009431038,3.274503039483862,20,65.49006078967724,0.0,77.77483279910828
24.053733762957133,2.3106508184089445,10,23.106508184089446,0.0,47.16024194704658
74.43750059626578,2.982176899293155,20,59.6435379858631,0.0,134.08103858212888
69.30315477191363,5.6107177054344985,20,112.21435410868997,9.664306232606991,171.8532026479966
12.438639325313513,1.5626788953462556,10,15.626788953462556,0.0,28.065428278776068
29.97749457396545,5.088246176538368,40,203.52984706153472,37.05895411846041,196.44838751703978
30.796731692926425,5.609229056665568,30,168.27687169996705,26.48306150999011,172.59054188290335
70.47034692388556,2.5473721799490914,0,0.0,0.0,70.47034692388556
11.773948397892774,0.8461825229699927,10,8.461825229699928,0.0,20.2357736275927
19.369772378611646,1.9458480687396684,20,38.91696137479337,0.0,58.28673375340502
81.99244768358705,5.547497918489621,40,221.89991673958485,42.56997502187546,261.32238940129645
26.069019584890025,2.684306923892187,40,107.37227695568748,8.211683086706245,125.22961345387125
68.74714970666872,1.5689141756733331,0,0.0,0.0,68.74714970666872
31.436450294205386,2.0593158033251204,40,82.37263213300481,0.7117896399014441,113.09729278730876
18.949725348341065,4.31605165066491,10,43.1605165066491,0.0,62.110241854990164
31.88549718995087,3.671878788371857,30,110.15636365115571,9.046909095346715,132.9949517457599
75.00402386700932,2.3835413535925563,10,23.83541353592556,0.0,98.83943740293489
87.01268212956572,2.2216420252749316,0,0.0,0.0,87.01268212956572
84.71978781102925,2.1913833652262538,10,21.91383365226254,0.0,106.63362146329179
45.74651766566093,1.6366875267504828,30,49.100625802514486,0.0,94.84714346817542
70.12766229135815,6.6091604203525804,30,198.2748126105774,35.482443783173224,232.92003111876232
28.448586587423886,2.2766925229604777,10,22.766925229604777,0.0,51.21551181702866
36.383295723491194,5.309178878367307,40,212.36715513469227,39.71014654040768,209.0403043177758
90.67022366690078,6.275943476631397,20,125.51886953262795,13.655660859788384,202.53343233974033
11.170173115966243,4.707095230927422,30,141.21285692782266,18.363857078346797,134.0191729654421
17.695767776902127,2.143861898251708,20,42.877237965034155,0.0,60.573005741936285
28.70976296314246,3.394143850519681,30,101.82431551559043,6.5472946546771285,123.98678382405575
12.387898348643775,2.6823476945552343,40,107.29390778220937,8.188172334662811,111.49363379619034
26.329189158081757,1.6536152912621307,20,33.072305825242616,0.0,59.40149498332437
62.473740487272295,3.2491635856145655,10,32.491635856145656,0.0,94.96537634341794
47.92820955332481,1.4212377045060498,10,14.212377045060498,0.0,62.14058659838531
90.34045399692774,5.223792463377478,10,52.23792463377478,0.0,142.5783786307025
83.56992055645968,2.105305287870779,0,0.0,0.0,83.56992055645968
40.76356165280884,3.036294358102069,30,91.08883074306208,3.3266492229186224,128.52574317295228
33.34810900881632,3.1765901110418704,30,95.29770333125612,4.589310999376835,124.0565013406956
44.17231673505402,2.357501246969972,0,0.0,0.0,44.17231673505402
63.1265448263327,3.7534731730074054,20,75.06946346014811,0.0,138.1960082864808
34.125727674058865,2.093428157296425,20,41.868563145928505,0.0,75.99429081998737
66.17340170642206,4.389492047187297,30,131.6847614156189,15.505428424685672,182.3527346973553
46.84704869721164,1.2965555560437572,30,38.896666681312716,0.0,85.74371537852436
59.68424627667822,2.913947726157346,40,116.55790904629384,10.967372713888153,165.2747826090839
49.2513876221785,7.896431507272777,20,157.92863014545554,23.378589043636662,183.8014287239974
36.50191835877259,1.5680264202992937,10,15.680264202992937,0.0,52.18218256176553
95.3607976265941,1.8724360173975767,0,0.0,0.0,95.3607976265941
78.72452147437848,3.606180998810143,10,36.06180998810143,0.0,114.78633146247991
22.610185818980728,3.0004731114978345,20,60.00946222995669,0.0,82.61964804893742
88.16211783081215,3.2964513935622417,20,65.92902787124484,0.0,154.091145702057
53.86880784245623,3.5574817522039686,20,71.14963504407937,0.0,125.01844288653561
90.50970042046822,3.8539431065804823,10,38.53943106580482,0.0,129.04913148627304
81.98697303525837,5.004487015336072,10,50.04487015336072,0.0,132.0318431886191
48.26921540223101,3.405528911494503,30,102.16586734483509,6.649760203450527,143.78532254361556
12.022237748810566,2.380494620807761,40,95.21978483231044,4.565935449693131,102.67608713142788
34.180962344645145,3.9350183127146647,30,118.05054938143994,11.41516481443198,140.81634691165308
58.747079319478026,7.72865665505317,40,309.1462662021268,68.74387986063805,299.14946566096677
67.01303978435325,2.527047030645718,0,0.0,0.0,67.01303978435325
33.20989168898821,1.5904370973253092,0,0.0,0.0,33.20989168898821
22.54204666655417,4.997283016835958,30,149.91849050507875,20.975547151523624,151.4849900201093
85.14372131193691,2.544134108835108,20,50.88268217670216,0.0,136.02640348863906
98.5961962633197,0.8228607832179398,0,0.0,0.0,98.5961962633197
57.312116407241724,4.332227840140934,20,86.64455680281868,1.9933670408456052,141.9633061692148
25.451135726347314,2.024999589262893,40,80.99998357051572,0.29999507115471713,106.15112422570833
34.50765938674321,2.586244167120819,40,103.44976668483277,7.03493000544983,130.92249606612614
11.655160889272006,3.262811287247619,40,130.51245148990478,15.153735446971432,127.01387693220533
92.28689259044491,3.01854468808877,10,30.1854468808877,0.0,122.4723394713326
20.597597460112702,4.015647077528931,30,120.46941232586794,12.14082369776038,128.92618608822028
61.88648279628282,2.1393081795572115,0,0.0,0.0,61.88648279628282
34.66496986184854,3.6045905610798914,30,108.13771683239675,8.441315049719025,134.36137164452626
59.87602022642141,2.356669344050024,20,47.13338688100048,0.0,107.0094071074219
68.62783495166778,4.08101513263911,40,163.2406053055644,24.97218159166932,206.89625866556287
84.67676233364814,3.8131366425682742,30,114.39409927704823,10.318229783114468,188.7526318275819
28.577914458454288,1.6250014594030344,10,16.250014594030343,0.0,44.827929052484635
10.989624579263243,4.939628687475852,20,98.79257374951705,5.637772124855114,104.14442620392516
22.319706706192655,2.0242921931034776,10,20.242921931034775,0.0,42.562628637227434
91.00167776632946,4.239442560644556,30,127.18327681933668,14.154983045801005,204.02997153986516
88.65010698062638,3.3267904898845253,0,0.0,0.0,88.65010698062638
63.76717919532775,7.4707920344878875,30,224.12376103463663,43.237128310390986,244.6538119195734
64.0465174390288,2.4039031039789442,0,0.0,0.0,64.0465174390288
69.853300709163,2.243137963539682,20,44.862759270793646,0.0,114.71605997995664
25.78341507611046,2.689402948536372,10,26.89402948536372,0.0,52.67744456147418
92.29707513324638,2.3007867264850894,0,0.0,0.0,92.29707513324638
47.68934724028658,4.2205609513247175,10,42.205609513247175,0.0,89.89495675353376
44.48246754245477,1.1174274965542839,0,0.0,0.0,44.48246754245477
56.70259347545538,1.5226841557873982,0,0.0,0.0,56.70259347545538
14.226937009754954,1.5109043715957113,20,30.218087431914228,0.0,44.44502444166918
24.965503188047148,4.584445568910607,40,183.37782275642428,31.013346826927283,177.32997911754413
76.42302547837333,6.964580355291347,40,278.5832142116539,59.57496426349617,295.4312754265311
17.45188011326138,2.5665252205706235,30,76.9957566171187,0.0,94.44763673038008
64.28368985197494,2.477247468966783,20,49.54494937933566,0.0,113.8286392313106
32.081419871318886,2.825057419030135,40,113.0022967612054,9.90068902836162,135.18302760416265
45.036605263777886,5.150187214960904,40,206.00748859843617,37.80224657953085,213.2418472826832
35.98243630936299,1.6322440343176436,0,0.0,0.0,35.98243630936299
42.01054448184542,3.0990727086566463,20,61.981454173132924,0.0,103.99199865497835
74.71413146658209,4.647635968165465,10,46.47635968165466,0.0,121.19049114823675
36.74095440608575,3.5808556973832077,30,107.42567092149623,8.22770127644887,135.9389240511331
60.976417626720746,3.0170209047217686,0,0.0,0.0,60.976417626720746
52.84453619791897,4.714181711222252,20,94.28363422444504,4.285090267333511,142.8430801550305
69.73040488263834,0.6146036065670734,0,0.0,0.0,69.73040488263834
94.31467653922822,3.946509138429998,20,78.93018276859996,0.0,173.24485930782816
75.93148874892253,1.8969709444939116,10,18.969709444939117,0.0,94.90119819386165
29.34463407316811,0.9931753014860517,0,0.0,0.0,29.34463407316811
12.80648215551562,3.600819396633389,20,72.01638793266778,0.0,84.82287008818341
33.603763986984255,5.786410781732164,40,231.45643126928658,45.436929380785976,219.62326587548486
63.55701376302294,2.520363953166817,20,50.40727906333635,0.0,113.96429282635928
14.628323213582531,4.59092257662644,30,137.7276772987932,17.31830318963796,135.03769732273776
54.67296224811127,6.597910723642434,40,263.91642894569736,55.174928683709204,263.41446251009944
63.71585640252003,5.60244410289417,30,168.0733230868251,26.42199692604753,205.3671825632976
40.08195017352647,6.699148917934069,40,267.96595671736276,56.389787015208825,251.65811987568043
79.38209833712398,4.08846715095461,20,81.7693430190922,0.5308029057276613,160.62063845048854
19.593842782039463,2.8334314436404613,40,113.33725774561844,10.001177323685534,122.92992320397238
16.762400356222788,1.1262784646572597,20,22.525569293145193,0.0,39.28796964936798
75.5369880583243,2.374212091573153,0,0.0,0.0,75.5369880583243
54.59421845855786,1.7095229800720924,0,0.0,0.0,54.59421845855786
71.95621567849625,8.971191461543592,40,358.84765846174366,83.6542975385231,347.14957660171683
49.13446047433716,2.4676414185419637,10,24.676414185419638,0.0,73.81087465975679
32.17618299151961,2.9088640487882507,40,116.35456195153003,10.906368585459008,137.62437635759062
83.71920859067798,3.6814877737426865,10,36.81487773742687,0.0,120.53408632810485
81.94742910720814,2.7842578187801874,30,83.52773456340562,1.0583203690216847,164.41684330159208
72.5226823768984,6.905222934117662,40,276.20891736470645,58.86267520941193,289.8689245321929
34.49306235069664,1.9300440973932362,20,38.60088194786472,0.0,73.09394429856135
63.12076001821784,3.02537212480234,10,30.2537212480234,0.0,93.37448126624123
42.48765072460241,1.8069515120751187,10,18.069515120751188,0.0,60.557165845353595
18.242386599397072,1.3151985184396522,20,26.303970368793046,0.0,44.54635696819012
92.55822179160185,1.9416283952763154,0,0.0,0.0,92.55822179160185
22.313676782706526,2.663469940570386,20,53.269398811407726,0.0,75.58307559411425
95.52136184387221,2.146596954943202,10,21.46596954943202,0.0,116.98733139330423
50.140519566216014,1.8573829133166193,0,0.0,0.0,50.140519566216014
